{"action_accuracy":0.0714285746216774,"l1_loss":0.41624649859943974,"_wandb":{"runtime":70},"_runtime":70.55937699,"_timestamp":1.755158491646177e+09,"_step":0,"train_loss":19.099868774414062}