{"l1_loss":0.13641456582633055,"_timestamp":1.7551553865957327e+09,"_step":160,"_wandb":{"runtime":199},"_runtime":199.569003119,"train_loss":0.23617491126060486,"action_accuracy":0.3214285671710968}