{"train_loss":0.15829728078097105,"_wandb":{"runtime":56801},"_runtime":56801.602902209,"action_accuracy":0.39174106903374195,"l1_loss":0.06701680672268907,"_timestamp":1.7551600431523597e+09,"_step":5600}