{"_timestamp":1.7552570922523391e+09,"_step":440,"train_loss":0.20173414051532745,"action_accuracy":0.3571428656578064,"l1_loss":0.1434173669467787,"_wandb":{"runtime":189},"_runtime":189.660713046}