{"_timestamp":1.755155499992836e+09,"_step":0,"_wandb":{"runtime":42},"_runtime":42.258737371,"train_loss":19.510700225830078,"action_accuracy":0.1071428582072258,"l1_loss":0.3098039215686274}