{"action_accuracy":0.3571428656578064,"l1_loss":0.11848739495798319,"_timestamp":1.7551543172466874e+09,"_step":250,"_wandb":{"runtime":323},"_runtime":323.44589569,"train_loss":0.28786399960517883}