{"_step":70,"train_loss":0.647040069103241,"_wandb":{"runtime":107},"_runtime":107.760563682,"action_accuracy":0.4285714328289032,"l1_loss":0.20504201680672268,"_timestamp":1.7551514174374583e+09}