{"_timestamp":1.75516029182355e+09,"_step":100,"train_loss":0.2540246546268463,"action_accuracy":0.3214285671710968,"_wandb":{"runtime":153},"_runtime":153.822018409,"l1_loss":0.23109243697478993}